,month,day,temp_dailyMin,temp_minGround,temp_dailyMean,temp_dailyMax,temp_7h,temp_14h,temp_19h,hum_dailyMean,hum_7h,hum_14h,hum_19h,sun_hours,skyCover_7h,skyCover_14h,skyCover_19h,wind_degrees,wind_mSec,precip,year
0,1,1,-6.2,-9.5,-3.7,-1.1,-6.0,-3.9,-4.0,93,94,91,95,5.9,0,0,10,141.0,3.1,0.3,2017
1,1,2,-7.2,-7.5,-1.0,5.3,-6.8,4.7,0.2,78,93,58,83,7.0,9,1,10,272.0,17.9,0.4,2017
2,1,3,-0.7,-3.3,1.1,2.8,-0.1,2.5,0.9,67,75,61,66,7.4,1,2,6,266.0,20.7,0.2,2017
3,1,4,0.9,-0.1,2.9,4.8,,,2.7,69,59,72,76,1.3,9,9,1,269.0,28.9,0.0,2017
4,1,5,-3.2,-0.8,-0.1,3.1,0.4,-1.2,-3.2,60,69,53,58,1.2,8,9,7,302.0,19.4,0.0,2017
5,1,6,-7.1,-6.8,-5.2,-3.2,-5.8,-4.8,-7.1,61,62,53,69,3.5,9,9,5,348.0,17.5,0.0,2017
6,1,7,-9.7,-10.3,-7.2,-4.6,-9.2,-4.7,-6.6,56,66,40,62,7.0,1,2,8,327.0,11.9,2.5,2017
7,1,8,-7.5,-7.5,-5.7,-3.8,-7.1,-4.7,-7.2,86,90,79,88,1.1,10,5,9,325.0,8.8,2.5,2017
8,1,9,-7.2,-11.1,-4.8,-2.4,-3.5,-2.7,-3.4,78,78,81,75,0.0,10,10,10,339.0,12.5,0.0,2017
9,1,10,-8.1,-6.8,-5.7,-3.2,-6.4,-6.5,-8.1,68,84,60,59,4.7,10,7,2,158.0,12.3,0.0,2017
10,1,11,-12.6,-16.0,-8.2,-3.7,-12.4,-4.0,,67,82,55,64,7.6,1,0,9,155.0,8.2,2.0,2017
11,1,12,-4.6,-5.9,1.4,7.4,,6.0,4.5,75,79,66,80,6.2,8,7,10,307.0,14.6,2.0,2017
12,1,13,0.4,-1.0,3.2,6.0,2.8,5.1,1.8,70,79,54,76,0.0,10,10,10,271.0,20.7,0.4,2017
13,1,14,-0.7,-1.4,1.1,2.8,0.0,40.0,2.0,73,66,85,69,0.1,7,10,4,264.0,19.9,1.7,2017
14,1,15,-0.2,-1.7,1.5,3.2,0.0,2.6,-0.1,69,73,61,72,4.6,1,5,3,272.0,13.9,0.8,2017
15,1,16,-3.7,-7.5,-1.9,0.0,-2.7,-0.3,-1.8,78,85,71,78,3.4,2,9,10,268.0,6.5,0.0,2017
16,1,17,-3.4,-4.5,-2.0,-0.6,-2.5,-0.8,-1.7,72,77,68,70,0.7,8,9,7,347.0,12.6,0.0,2017
17,1,18,-4.4,-4.1,-3.1,-1.7,-3.4,-1.8,-4.4,72,74,66,77,2.7,9,10,0,330.0,10.4,0.0,2017
18,1,19,-8.8,-11.2,-6.1,-3.4,-8.8,-3.8,-6.1,78,87,68,80,7.6,0,0,0,329.0,5.3,0.0,2017
19,1,20,-10.5,-12.4,-7.0,-3.4,-10.2,-3.6,-5.6,82,90,71,84,6.3,0,0,0,49.0,4.5,0.0,2017
20,1,21,-8.9,-11.2,-5.6,-2.2,-8.8,-3.2,-4.4,82,90,74,81,6.2,0,0,0,80.0,4.9,0.0,2017
21,1,22,-7.1,-10.0,-3.0,1.1,-6.9,1.0,-1.8,72,90,60,66,7.3,4,0,0,167.0,11.7,0.0,2017
22,1,23,-5.4,-5.7,-3.6,-1.7,-4.7,-4.7,-40.0,86,87,86,86,0.0,9,10,10,141.0,12.4,0.0,2017
23,1,24,-6.3,-6.0,-5.4,-4.5,-6.0,-5.0,-4.7,81,90,78,76,0.0,10,10,10,344.0,8.8,0.0,2017
24,1,25,-4.7,-4.6,-2.5,-0.2,-2.9,-0.5,-0.5,76,78,75,76,0.0,10,10,10,304.0,9.8,0.0,2017
25,1,26,-2.3,-2.6,-0.3,1.7,-2.0,1.5,-0.9,70,76,61,72,0.6,10,9,1,163.0,11.1,0.0,2017
26,1,27,-4.5,-5.7,-2.7,-0.8,-3.9,-2.6,-4.0,82,80,81,86,3.1,1,10,10,163.0,12.4,0.0,2017
27,1,28,-5.8,-5.2,-4.9,-4.0,-5.3,-5.0,-5.0,89,89,88,89,0.0,10,10,10,151.0,10.7,0.1,2017
28,1,29,-5.6,-5.3,-5.1,-4.6,-5.5,-4.8,-5.4,90,93,87,90,0.0,10,10,10,124.0,5.7,0.0,2017
29,1,30,-7.6,-6.4,-6.5,-5.3,-6.5,-5.9,-7.5,93,95,92,93,0.0,10,10,10,132.0,10.5,2.1,2017
30,1,31,-8.0,-7.7,-6.1,-4.2,-7.0,-5.2,-4.3,90,89,92,88,0.0,10,10,10,163.0,9.5,10.1,2017
31,2,1,-4.3,-4.5,-2.7,-1.0,-3.0,-1.1,-1.1,92,94,87,96,0.0,10,10,10,181.0,5.9,7.2,2017
32,2,2,-1.3,-1.2,-0.4,0.6,-1.1,0.5,-0.5,95,96,91,97,0.0,10,10,10,124.0,5.1,0.1,2017
33,2,3,-0.5,-0.3,0.7,1.9,0.0,1.8,1.0,97,98,92,100,0.0,10,10,10,300.0,5.2,0.0,2017
34,2,4,0.0,-0.9,2.9,5.7,0.3,5.6,2.5,89,94,78,94,2.2,9,2,10,335.0,7.6,0.0,2017
35,2,5,1.6,0.8,6.9,12.1,5.6,11.1,5.2,62,72,41,74,7.6,6,4,9,288.0,17.5,4.1,2017
36,2,6,2.1,-0.1,3.7,5.2,3.2,3.4,2.3,93,96,92,91,0.0,10,10,10,348.0,10.6,8.0,2017
37,2,7,0.3,0.0,2.1,3.9,,3.3,0.6,73,85,63,72,6.6,10,2,1,338.0,11.2,0.0,2017
38,2,8,-2.3,-3.9,-0.9,0.6,-1.5,-1.6,-2.3,75,80,71,73,0.0,10,10,10,20.0,9.1,0.0,2017
39,2,9,-3.6,-3.4,-1.7,0.3,-3.5,0.2,-0.6,79,84,74,80,0.4,10,9,10,115.0,5.8,0.0,2017
40,2,10,-0.7,-0.9,0.9,2.4,0.2,1.7,1.5,72,88,64,65,0.4,10,9,9,155.0,15.1,0.0,2017
41,2,11,-0.5,-1.3,1.3,3.1,-0.4,1.5,1.4,79,84,79,75,0.6,7,9,9,152.0,13.2,0.0,2017
42,2,12,0.1,-1.1,1.7,3.3,0.3,2.7,2.2,72,79,68,68,0.0,9,10,9,123.0,9.7,0.0,2017
43,2,13,-2.5,-6.0,1.0,4.4,-2.5,4.3,0.7,74,90,61,72,9.1,0,0,0,140.0,7.3,0.0,2017
44,2,14,-3.1,-5.9,1.4,5.9,-3.0,5.3,1.7,80,90,68,83,9.2,1,0,0,91.0,7.0,0.0,2017
45,2,15,-2.8,-6.2,3.5,9.7,-2.7,9.2,3.7,67,94,46,61,9.7,0,1,0,48.0,4.3,0.0,2017
46,2,16,-2.3,-5.7,1.2,4.7,-2.3,4.4,-0.2,88,94,73,96,8.8,0,1,10,109.0,3.7,0.0,2017
47,2,17,-2.0,-1.9,2.1,6.2,-2.0,4.8,40.0,90,98,86,85,1.1,10,9,7,280.0,13.4,0.2,2017
48,2,18,3.6,2.1,5.0,6.3,4.2,6.2,3.8,84,86,79,88,0.4,10,10,4,259.0,10.7,2.4,2017
49,2,19,-1.6,-5.1,2.3,6.1,-1.5,5.6,2.1,89,97,80,89,4.9,1,9,3,71.0,4.3,0.0,2017
50,2,20,0.0,-3.6,4.7,9.4,,8.7,4.8,77,82,66,82,4.6,10,4,2,273.0,13.9,4.0,2017
51,2,21,3.9,0.8,7.7,11.4,8.6,10.4,10.5,78,81,80,73,0.5,9,10,7,280.0,23.5,4.4,2017
52,2,22,5.9,2.2,10.4,14.8,7.2,14.3,11.6,74,96,60,66,2.6,10,9,5,257.0,20.3,1.7,2017
53,2,23,10.5,8.5,14.7,18.8,11.5,18.4,11.9,52,66,30,60,2.4,9,9,9,290.0,17.4,1.6,2017
54,2,24,6.5,3.0,11.2,15.9,8.1,10.7,6.5,54,71,39,53,1.0,9,9,6,244.0,19.5,1.6,2017
55,2,25,0.9,-2.4,5.4,9.8,1.0,8.8,4.8,55,73,38,55,9.1,4,5,9,311.0,11.8,0.0,2017
56,2,26,0.0,-2.6,5.1,10.1,1.1,9.4,8.8,56,75,46,46,3.0,9,10,9,293.0,5.1,0.0,2017
57,2,27,-0.5,-3.9,6.6,13.6,0.0,11.0,11.1,57,86,47,37,8.2,3,9,8,139.0,13.1,0.0,2017
58,2,28,2.3,-1.2,6.9,11.5,2.7,11.3,,63,76,51,62,5.0,9,9,10,279.0,21.8,0.9,2017
59,3,1,5.7,5.0,8.8,11.9,,11.3,8.2,50,65,38,48,3.7,10,5,1,260.0,16.3,0.9,2017
60,3,2,3.3,-0.4,8.4,13.4,5.6,,9.8,57,81,47,43,3.3,10,8,3,267.0,19.5,0.5,2017
61,3,3,2.9,-1.6,9.0,15.1,3.9,14.8,10.6,52,61,34,60,8.8,6,9,6,152.0,14.9,0.0,2017
62,3,4,5.0,1.7,12.8,20.6,5.3,20.1,15.0,53,85,28,47,8.5,8,2,9,158.0,18.9,0.0,2017
63,3,5,8.9,6.6,12.0,15.0,10.7,13.0,8.9,59,55,43,80,1.2,7,10,9,272.0,14.1,0.0,2017
64,3,6,4.5,0.2,8.4,12.3,7.0,11.7,9.2,54,68,38,55,3.7,9,7,9,279.0,16.7,0.0,2017
65,3,7,3.8,0.5,7.4,10.9,5.1,8.7,6.9,72,79,65,72,3.1,9,8,7,298.0,13.8,1.6,2017
66,3,8,3.4,1.9,7.8,12.1,3.5,11.1,6.7,61,76,46,62,9.3,5,3,3,344.0,10.2,2.7,2017
67,3,9,3.9,0.3,8.7,13.4,7.8,13.3,11.0,71,88,55,71,1.5,10,9,9,289.0,13.6,3.0,2017
68,3,10,5.7,3.9,8.4,11.0,40.0,7.1,6.8,70,70,74,66,0.6,7,10,10,324.0,17.1,3.2,2017
69,3,11,4.6,3.2,7.8,10.9,5.3,10.2,,54,71,42,48,5.5,8,6,9,306.0,12.4,0.0,2017
70,3,12,2.9,1.4,5.8,8.6,3.0,7.2,,59,74,49,55,6.7,3,5,9,12.0,8.6,0.0,2017
71,3,13,0.8,-2.7,6.2,11.5,1.2,10.5,6.4,62,78,47,62,10.2,0,1,4,335.0,8.6,0.0,2017
72,3,14,1.4,-2.7,7.4,13.4,40.0,,9.9,58,78,42,55,4.5,9,7,3,293.0,13.2,0.0,2017
73,3,15,6.1,1.4,9.7,13.2,9.0,12.6,11.7,58,62,57,55,1.2,4,10,6,290.0,11.3,0.0,2017
74,3,16,5.5,1.7,11.4,17.3,,16.5,13.1,47,69,25,46,9.5,8,4,3,277.0,13.4,0.0,2017
75,3,17,3.5,0.6,12.0,20.5,4.8,20.0,13.8,53,75,32,53,8.7,2,7,7,314.0,23.6,9.0,2017
76,3,18,6.8,4.0,10.3,13.8,7.7,10.3,10.1,77,86,72,73,0.1,10,10,9,266.0,26.6,17.4,2017
77,3,19,5.5,4.9,8.6,11.6,6.0,9.0,11.4,83,81,86,83,0.0,10,10,9,306.0,13.0,11.1,2017
78,3,20,10.9,8.2,14.3,17.6,11.5,16.8,13.2,64,74,52,66,5.2,9,7,5,270.0,12.9,0.1,2017
79,3,21,7.6,4.6,12.9,18.2,11.1,17.6,14.4,61,76,46,62,5.8,9,9,8,273.0,10.8,0.0,2017
80,3,22,7.0,8.0,10.7,14.4,10.9,8.4,7.0,77,76,78,77,0.0,10,10,9,354.0,10.4,0.0,2017
81,3,23,4.4,1.4,7.7,11.0,5.6,10.2,,80,87,71,83,2.3,10,9,4,249.0,7.0,0.0,2017
82,3,24,6.3,2.7,9.4,12.4,8.5,11.2,10.2,70,80,66,64,1.0,10,10,9,18.0,10.8,0.0,2017
83,3,25,4.8,1.7,9.6,14.4,6.1,13.1,9.2,51,67,37,49,10.0,7,7,6,337.0,8.5,0.0,2017
84,3,26,4.3,2.5,8.2,12.0,5.2,11.4,7.3,46,64,28,46,11.4,4,1,1,48.0,10.7,0.0,2017
85,3,27,0.8,-3.5,8.3,15.7,2.9,14.0,10.4,48,71,31,41,12.0,0,0,2,52.0,6.5,0.0,2017
86,3,28,2.7,-1.3,12.1,21.5,5.6,19.8,14.6,41,55,24,45,12.2,1,0,1,267.0,9.2,0.0,2017
87,3,29,10.7,5.4,16.6,22.5,14.3,22.3,17.3,40,44,33,44,9.8,3,4,4,252.0,13.4,0.0,2017
88,3,30,14.0,11.9,17.3,20.5,14.1,18.4,15.7,51,55,44,53,2.7,9,9,6,300.0,10.3,0.0,2017
89,3,31,7.5,3.6,14.9,22.3,9.2,21.8,18.0,54,76,38,47,12.0,6,3,1,139.0,11.8,0.0,2017
90,4,1,10.2,5.8,17.0,23.7,12.4,22.8,19.3,44,58,32,41,12.1,0,0,1,147.0,17.3,0.0,2017
91,4,2,8.3,4.3,16.5,24.6,11.5,23.1,18.6,44,62,33,37,12.1,0,1,1,117.0,9.7,0.0,2017
92,4,3,8.9,3.9,15.5,22.0,12.6,20.7,16.7,54,64,43,54,10.2,1,3,5,33.0,11.3,0.2,2017
93,4,4,9.7,6.5,14.0,18.2,11.0,,14.1,57,72,46,53,8.4,6,7,9,308.0,17.1,2.0,2017
94,4,5,9.0,8.1,11.7,14.3,9.0,13.1,12.4,70,83,64,62,3.0,10,8,7,286.0,17.6,3.0,2017
95,4,6,6.6,5.3,9.8,13.0,7.7,,9.4,48,59,42,44,6.1,2,6,4,329.0,17.6,3.0,2017
96,4,7,5.6,4.7,7.6,9.5,5.7,7.6,8.3,87,83,92,87,0.0,10,10,10,298.0,14.3,14.5,2017
97,4,8,8.2,7.3,11.8,15.4,10.4,14.0,13.6,67,76,65,60,3.3,10,9,10,290.0,14.3,0.0,2017
98,4,9,5.5,0.8,12.3,19.0,8.9,18.1,13.7,60,84,41,55,12.2,1,2,0,111.0,6.2,0.0,2017
99,4,10,6.0,1.0,14.4,22.8,9.5,21.2,17.8,57,76,44,51,12.7,0,1,5,168.0,6.3,0.1,2017
100,4,11,9.3,7.7,13.7,18.0,9.3,13.3,10.9,53,66,44,48,6.5,10,8,8,348.0,15.9,0.1,2017
101,4,12,4.7,0.5,11.2,17.7,7.9,16.9,15.1,50,63,39,48,5.2,10,8,9,244.0,11.2,0.4,2017
102,4,13,9.9,9.5,12.5,15.1,11.2,12.5,10.0,78,87,74,72,1.0,10,9,9,9.0,11.9,3.1,2017
103,4,14,9.4,6.6,12.3,15.2,10.5,13.9,11.1,63,72,50,68,3.2,9,9,6,348.0,8.3,0.0,2017
104,4,15,6.2,1.0,11.6,16.9,9.8,15.7,14.4,62,79,48,58,0.9,9,9,9,262.0,14.8,0.7,2017
105,4,16,8.3,6.3,11.4,14.5,8.8,12.1,8.3,61,76,38,68,2.8,9,9,9,305.0,14.8,0.7,2017
106,4,17,5.9,3.3,8.9,11.9,6.5,9.6,7.5,82,86,70,91,2.1,9,9,10,287.0,11.6,19.2,2017
107,4,18,3.8,1.8,7.3,10.7,5.4,40.0,4.5,74,79,57,87,6.7,6,9,9,282.0,15.3,11.5,2017
108,4,19,0.9,0.3,2.7,4.5,1.0,1.5,1.4,92,88,93,95,0.0,10,10,10,340.0,19.1,14.5,2017
109,4,20,1.4,0.1,3.5,5.5,2.3,4.8,4.1,56,63,53,51,0.2,10,10,9,333.0,16.4,1.0,2017
110,4,21,1.8,-2.2,7.4,12.9,3.9,12.3,9.3,50,57,44,50,10.1,5,6,2,292.0,13.2,0.0,2017
111,4,22,5.6,4.7,9.8,14.0,10.2,12.9,5.6,64,49,54,90,2.4,10,10,10,304.0,17.2,3.6,2017
112,4,23,5.3,2.7,8.6,11.9,6.1,10.0,9.1,57,71,52,48,7.2,8,5,8,303.0,15.3,0.0,2017
113,4,24,3.4,-2.3,10.1,16.7,7.8,14.3,13.5,50,55,46,50,13.2,3,3,4,200.0,8.8,0.0,2017
114,4,25,4.5,0.5,13.4,22.2,9.1,21.1,16.2,60,80,42,58,12.9,5,5,7,324.0,13.7,0.0,2017
115,4,26,8.6,5.6,12.9,17.2,10.3,15.7,8.9,75,81,64,79,4.1,9,9,10,321.0,9.6,0.6,2017
116,4,27,5.5,5.4,7.3,9.0,5.8,7.7,40.0,87,92,80,89,0.0,10,10,10,311.0,8.1,4.3,2017
117,4,28,4.3,4.6,5.8,7.3,4.4,6.2,5.9,88,92,87,84,0.1,10,10,9,287.0,12.1,3.3,2017
118,4,29,3.9,1.7,9.1,14.2,40.0,,10.4,59,74,44,60,9.8,1,7,6,300.0,15.7,0.0,2017
119,4,30,2.7,-1.8,9.8,16.8,7.8,16.5,13.0,55,73,41,50,11.7,0,6,1,115.0,10.2,0.0,2017
120,5,1,9.6,7.9,13.6,17.6,40.0,,15.3,59,71,50,55,7.1,9,5,9,128.0,15.6,3.7,2017
121,5,2,6.0,5.6,12.3,18.6,7.7,17.4,14.5,60,78,46,56,8.8,10,7,2,285.0,16.0,3.7,2017
122,5,3,6.6,2.4,11.4,16.2,11.5,15.9,11.1,80,76,66,97,3.4,3,10,7,225.0,5.8,5.2,2017
123,5,4,6.5,3.1,11.3,16.0,10.4,,12.2,91,97,77,98,1.0,9,10,2,202.0,6.5,2.2,2017
124,5,5,8.5,4.3,13.3,18.1,11.5,17.2,14.6,71,84,60,68,3.5,8,7,10,286.0,12.1,0.0,2017
125,5,6,9.7,5.2,16.0,22.3,13.1,21.6,19.3,60,78,52,51,10.5,9,4,9,127.0,10.6,0.0,2017
126,5,7,13.0,10.1,16.2,19.4,54.8,15.7,14.0,85,84,86,84,3.9,9,8,9,309.0,16.0,4.0,2017
127,5,8,11.2,6.6,15.7,20.1,13.6,19.9,12.6,67,81,36,84,7.4,9,9,10,296.0,15.3,7.0,2017
128,5,9,6.1,7.2,9.4,12.6,7.1,9.1,7.1,68,96,55,54,1.8,10,10,4,337.0,13.0,6.8,2017
129,5,10,0.8,-2.7,8.7,16.6,6.3,14.7,13.0,56,69,47,53,13.9,8,8,1,128.0,9.2,0.0,2017
130,5,11,4.3,-0.2,13.5,22.6,8.9,20.7,20.2,60,78,48,53,13.8,1,2,9,95.0,7.9,0.0,2017
131,5,12,10.9,6.4,18.1,25.2,15.6,23.4,,59,72,47,57,6.1,9,6,9,284.0,10.2,0.0,2017
132,5,13,12.3,8.5,17.3,22.3,16.6,22.2,18.2,66,73,57,67,7.0,9,7,9,256.0,15.9,2.3,2017
133,5,14,11.8,7.1,18.1,24.4,17.0,22.6,18.6,65,68,58,70,10.6,1,9,9,285.0,10.9,0.1,2017
134,5,15,15.3,12.8,18.5,21.7,16.2,20.8,17.2,73,75,64,79,3.6,9,9,9,360.0,12.0,1.0,2017
135,5,16,12.6,8.7,18.2,23.8,17.0,23.0,19.9,55,68,43,55,12.3,7,2,8,305.0,10.2,0.0,2017
136,5,17,14.1,13.4,19.2,24.3,,89.6,20.4,48,66,40,38,10.9,7,2,1,81.0,7.0,0.0,2017
137,5,18,11.4,7.3,19.2,27.0,18.4,26.4,23.2,43,55,34,40,14.6,3,5,1,170.0,13.9,0.0,2017
138,5,19,15.9,12.7,21.9,27.8,19.6,26.9,24.3,45,54,40,42,14.7,1,1,1,257.0,25.1,0.0,2017
139,5,20,13.3,12.8,18.8,24.3,14.0,15.2,15.5,62,65,61,61,1.5,9,10,10,269.0,22.6,11.7,2017
140,5,21,12.2,11.6,15.8,19.4,12.6,17.2,16.6,73,87,64,68,6.8,10,6,6,280.0,15.7,11.7,2017
141,5,22,12.9,8.2,18.5,24.1,16.7,22.8,20.4,56,55,51,63,12.8,1,5,8,343.0,9.6,0.0,2017
142,5,23,14.6,11.8,20.4,26.2,,25.4,21.6,58,74,40,59,8.0,9,5,6,258.0,8.2,1.2,2017
143,5,24,14.4,10.1,18.1,21.7,16.8,19.8,17.2,60,76,58,46,3.7,9,8,9,300.0,13.3,4.6,2017
144,5,25,11.5,9.4,14.8,18.1,12.5,16.7,16.4,61,70,57,56,2.0,8,9,2,308.0,14.0,0.0,2017
145,5,26,11.3,5.9,17.5,23.6,,21.8,20.7,49,59,42,45,10.9,2,5,1,331.0,11.1,0.0,2017
146,5,27,13.5,8.8,19.5,25.4,19.0,24.6,21.3,48,60,41,43,14.3,0,2,1,357.0,8.4,0.0,2017
147,5,28,12.1,6.8,18.8,25.4,17.6,24.2,22.2,47,61,40,41,14.9,0,0,1,138.0,10.1,0.0,2017
148,5,29,12.6,7.6,21.0,29.3,17.3,27.7,25.2,48,66,34,45,14.6,8,3,5,108.0,5.5,0.0,2017
149,5,30,17.6,14.1,25.0,32.4,21.3,31.3,,50,67,40,44,12.7,4,3,6,300.0,12.9,0.0,2017
150,5,31,19.5,17.0,24.0,28.5,22.7,24.5,23.4,63,64,61,64,7.1,6,8,7,284.0,14.2,0.0,2017
151,6,1,19.0,15.7,23.0,27.0,20.1,26.0,23.4,48,57,42,46,10.9,7,6,8,318.0,9.3,0.0,2017
152,6,2,16.3,11.2,22.2,28.0,20.2,27.1,24.4,48,48,40,55,13.0,3,3,3,93.0,7.7,0.0,2017
153,6,3,16.6,12.5,22.7,28.7,21.2,27.4,,55,65,40,59,12.6,4,5,4,205.0,11.1,0.0,2017
154,6,4,16.9,12.3,22.0,27.0,22.4,23.3,17.1,69,65,53,88,6.5,7,10,9,269.0,18.4,2.4,2017
155,6,5,12.6,7.9,19.1,25.5,17.9,24.1,22.0,52,59,42,56,13.6,3,1,3,120.0,8.2,0.0,2017
156,6,6,15.5,11.4,21.6,27.7,,27.4,20.5,61,69,46,69,8.0,4,9,10,273.0,21.2,0.7,2017
157,6,7,14.5,12.0,17.5,20.5,14.9,18.7,16.3,53,60,43,57,1.6,9,9,7,297.0,11.1,0.7,2017
158,6,8,11.7,6.8,18.0,24.2,16.2,22.2,20.3,43,52,37,39,14.8,1,6,4,287.0,9.9,0.0,2017
159,6,9,11.5,5.7,19.5,27.4,17.6,26.6,24.0,43,56,34,40,14.6,3,2,8,126.0,12.4,4.8,2017
160,6,10,15.5,13.0,20.5,25.4,63.2,23.9,21.7,56,88,39,41,8.7,9,5,6,320.0,15.0,4.8,2017
161,6,11,12.6,7.8,19.6,26.6,19.2,25.5,23.2,47,65,35,41,15.2,1,3,7,331.0,7.6,0.0,2017
162,6,12,14.3,9.1,23.1,31.8,18.7,31.6,27.4,50,64,36,49,9.8,7,7,7,273.0,13.7,0.0,2017
163,6,13,18.2,12.2,23.6,29.0,19.5,28.3,25.3,38,49,31,33,14.6,1,1,3,246.0,13.2,0.0,2017
164,6,14,15.6,9.4,21.2,26.7,,24.9,23.4,42,55,35,36,12.6,5,3,3,309.0,9.2,0.0,2017
165,6,15,13.2,8.6,21.2,29.2,19.5,28.3,25.4,38,53,28,32,15.2,1,1,1,95.0,6.9,5.2,2017
166,6,16,16.9,12.6,22.8,28.6,18.3,26.4,21.9,62,93,37,55,4.2,9,9,9,268.0,17.1,5.2,2017
167,6,17,14.0,12.1,18.0,21.9,16.1,20.3,15.3,59,65,39,72,6.2,4,8,10,327.0,16.5,2.8,2017
168,6,18,14.0,12.9,19.6,25.1,18.6,24.1,22.7,48,61,39,43,12.0,4,5,1,334.0,12.7,0.6,2017
169,6,19,13.4,9.6,21.5,29.5,20.8,28.0,25.7,45,60,36,39,15.2,1,1,1,13.0,5.9,0.0,2017
170,6,20,15.3,10.4,24.7,34.0,21.3,131.2,30.3,43,62,32,35,15.0,0,1,5,248.0,9.1,0.0,2017
171,6,21,22.7,18.2,26.6,30.4,24.5,29.6,27.7,50,,,,11.3,1,7,8,331.0,9.1,0.0,2017
172,6,22,18.5,14.5,26.6,34.6,23.1,32.9,31.0,46,62,37,38,14.0,1,3,6,253.0,9.8,1.8,2017
173,6,23,18.8,17.4,25.2,31.6,21.1,30.4,29.1,53,82,38,40,6.7,9,8,7,338.0,21.3,6.1,2017
174,6,24,18.6,14.9,25.3,32.0,24.0,124.8,28.8,45,,,,13.7,3,1,3,281.0,15.9,0.0,2017
175,6,25,18.8,16.2,23.8,28.8,23.5,24.2,19.8,66,,,,5.1,9,10,7,265.0,11.6,6.4,2017
176,6,26,19.4,17.3,24.8,30.2,21.9,28.3,27.2,49,,,,11.0,5,5,1,290.0,11.6,0.0,2017
177,6,27,18.1,14.2,24.6,31.1,22.0,27.0,27.3,57,72,53,47,6.1,7,8,8,151.0,11.0,0.0,2017
178,6,28,18.7,14.7,26.1,33.4,23.5,32.8,27.9,48,,,,11.2,4,9,8,190.0,17.1,0.3,2017
179,6,29,18.7,16.2,23.3,27.9,21.9,20.1,23.5,56,60,64,44,8.7,5,9,9,269.0,18.7,1.0,2017
180,6,30,17.9,13.6,22.5,27.0,20.0,26.2,22.3,45,51,34,49,10.9,1,4,9,267.0,17.5,0.0,2017
181,7,1,15.4,15.0,20.9,26.3,16.9,24.8,23.7,48,67,39,37,9.8,10,5,7,259.0,16.7,0.3,2017
182,7,2,16.3,10.7,20.1,23.8,19.3,20.3,20.5,63,60,67,63,3.9,8,9,7,277.0,16.3,1.3,2017
183,7,3,15.7,15.2,20.8,25.8,16.2,24.5,21.9,58,85,39,51,7.0,7,7,4,336.0,12.3,1.3,2017
184,7,4,14.8,9.8,21.3,27.7,21.5,25.1,23.8,46,53,41,43,7.2,5,8,8,283.0,14.0,0.0,2017
185,7,5,14.8,10.4,23.8,32.7,21.9,,29.0,39,56,28,32,14.4,1,5,5,330.0,10.0,0.2,2017
186,7,6,17.8,15.2,24.4,30.9,20.7,,26.7,49,65,37,46,12.9,1,2,3,1.0,7.7,0.2,2017
187,7,7,18.8,14.3,24.9,31.0,21.6,29.0,28.5,48,62,44,38,9.2,3,5,5,256.0,11.5,0.2,2017
188,7,8,21.1,16.7,26.5,31.9,25.2,24.0,27.7,56,,,,9.8,2,9,6,280.0,15.8,0.6,2017
189,7,9,19.4,16.3,25.8,32.1,24.0,31.1,24.0,57,63,39,70,8.8,2,8,7,209.0,13.5,4.1,2017
190,7,10,18.1,16.3,24.8,31.5,20.8,30.0,22.3,74,81,56,84,5.9,9,3,9,337.0,17.3,18.8,2017
191,7,11,19.5,18.2,24.1,28.7,20.1,27.7,26.2,51,,,,7.4,9,6,8,271.0,17.9,11.8,2017
192,7,12,19.4,16.4,24.7,29.9,22.4,29.8,24.0,54,62,37,62,8.6,5,8,9,256.0,14.0,0.2,2017
193,7,13,17.5,15.4,21.2,24.8,18.8,23.8,,42,64,30,33,12.3,7,2,1,308.0,16.3,0.1,2017
194,7,14,11.9,7.6,17.8,23.7,16.4,21.9,21.3,48,56,42,47,8.0,5,7,7,283.0,13.6,0.9,2017
195,7,15,14.7,13.5,18.0,21.3,16.4,18.6,15.5,68,72,58,73,3.8,9,9,6,294.0,14.1,1.4,2017
196,7,16,13.9,12.2,19.3,24.7,16.9,23.6,22.0,51,65,40,49,11.3,0,6,9,296.0,10.9,0.0,2017
197,7,17,13.9,9.2,21.4,28.8,19.7,27.7,,44,59,32,40,12.4,3,4,7,269.0,7.5,0.0,2017
198,7,18,16.1,12.0,23.7,31.3,21.4,30.9,27.5,43,62,30,36,13.9,1,5,1,125.0,10.7,0.0,2017
199,7,19,18.1,14.0,25.3,32.4,,31.1,24.0,50,,,,9.0,5,5,9,271.0,13.8,0.0,2017
200,7,20,16.0,11.9,25.3,34.6,20.9,33.1,29.9,46,69,29,39,12.2,5,5,9,269.0,22.6,8.0,2017
201,7,21,18.0,17.2,24.3,30.6,20.7,28.4,26.7,56,74,46,48,12.7,4,4,4,299.0,9.7,8.0,2017
202,7,22,19.5,15.9,25.9,32.2,22.8,31.4,28.1,48,64,36,44,11.3,8,4,7,277.0,8.6,0.0,2017
203,7,23,20.1,16.5,24.9,29.6,88.0,27.7,21.2,69,,,,7.2,9,6,8,275.0,14.8,8.6,2017
204,7,24,18.3,18.1,20.7,23.0,,20.2,,89,91,84,91,0.9,10,9,9,271.0,15.9,11.6,2017
205,7,25,15.1,14.3,18.8,22.4,16.5,21.1,19.0,57,66,48,56,12.1,5,9,4,274.0,16.1,0.0,2017
206,7,26,14.1,12.1,17.1,20.1,17.0,18.4,16.7,65,60,61,75,3.6,9,9,7,269.0,19.4,9.0,2017
207,7,27,14.0,13.5,17.4,20.8,14.6,20.3,19.1,78,92,69,74,0.1,10,9,9,283.0,15.6,7.4,2017
208,7,28,17.8,16.5,22.6,27.3,20.4,25.4,21.4,57,68,45,58,10.5,9,5,9,258.0,16.4,0.0,2017
209,7,29,14.5,10.9,22.2,29.9,19.3,28.3,26.4,52,70,38,47,13.6,1,5,7,103.0,7.0,0.0,2017
210,7,30,17.1,14.0,25.2,33.3,20.9,32.8,28.4,57,74,42,54,10.2,1,0,9,148.0,9.0,0.0,2017
211,7,31,19.8,17.0,26.7,33.6,24.5,32.3,29.5,47,,,,14.0,4,6,1,277.0,9.5,0.0,2017
212,8,1,21.7,17.9,28.9,36.0,26.3,35.4,31.8,44,,,,14.2,0,0,0,166.0,15.8,0.0,2017
213,8,2,25.3,21.6,30.0,34.7,26.6,32.9,29.6,48,,,,9.4,7,1,7,287.0,14.3,0.0,2017
214,8,3,20.7,16.5,29.6,38.4,,37.5,29.7,45,,,,12.0,7,3,8,348.0,11.7,0.0,2017
215,8,4,22.8,19.1,28.5,34.2,26.1,32.6,30.5,52,,,,9.8,7,1,5,304.0,9.7,0.0,2017
216,8,5,23.8,22.6,27.8,31.8,23.9,112.8,28.0,47,,,,6.2,9,8,1,264.0,9.6,0.3,2017
217,8,6,18.1,20.6,23.1,28.0,22.2,20.8,18.1,82,75,80,90,0.3,9,8,10,319.0,16.3,10.1,2017
218,8,7,16.1,13.6,21.3,26.4,18.0,24.8,23.0,51,70,40,44,12.2,1,4,6,332.0,8.5,1.7,2017
219,8,8,16.8,13.8,21.4,25.9,18.1,23.7,23.9,70,85,60,65,2.4,9,9,1,142.0,14.8,0.0,2017
220,8,9,18.0,14.1,24.7,31.3,21.8,30.0,28.7,53,61,43,56,12.8,2,2,1,124.0,9.2,0.0,2017
221,8,10,21.3,18.4,27.1,32.9,25.3,32.0,22.2,63,,,,6.1,2,8,8,237.0,23.2,21.3,2017
222,8,11,16.0,15.2,20.3,24.5,16.8,,17.7,75,86,68,72,4.6,9,7,9,289.0,18.9,18.5,2017
223,8,12,14.9,12.7,19.0,23.1,17.7,22.1,19.1,59,68,46,63,12.9,8,8,8,278.0,15.7,0.0,2017
224,8,13,16.1,13.8,20.4,24.6,17.0,23.8,21.3,63,73,54,63,7.6,9,6,1,304.0,13.6,0.0,2017
225,8,14,16.1,11.9,22.1,28.0,19.4,26.7,23.8,53,73,38,48,12.5,1,5,5,303.0,7.2,0.0,2017
226,8,15,15.2,11.0,23.0,30.7,19.1,30.3,26.1,49,69,34,43,13.7,1,1,1,92.0,8.0,0.0,2017
227,8,16,16.5,12.6,22.5,28.5,22.0,27.1,24.3,57,67,45,59,11.9,3,9,8,282.0,14.4,0.0,2017
228,8,17,17.9,13.1,24.1,30.3,20.6,29.2,25.3,54,76,37,49,12.9,1,2,7,316.0,6.7,0.0,2017
229,8,18,17.8,13.9,25.9,33.9,21.6,32.8,29.7,49,71,36,40,13.4,8,8,1,167.0,11.2,0.0,2017
230,8,19,17.5,19.5,23.6,29.7,20.6,18.0,17.5,83,67,90,92,0.0,9,10,10,282.0,17.8,8.9,2017
231,8,20,15.4,14.4,20.1,24.7,16.9,24.4,71.6,57,74,36,61,5.1,9,4,6,282.0,13.4,3.0,2017
232,8,21,14.3,10.4,18.6,22.8,15.9,20.6,18.4,52,57,43,55,8.2,4,9,5,277.0,11.0,0.0,2017
233,8,22,12.1,7.9,17.7,23.3,15.6,22.4,19.4,51,64,40,50,9.7,0,6,7,213.0,8.6,0.0,2017
234,8,23,11.9,7.2,17.7,23.4,14.7,22.5,18.7,51,65,36,52,12.6,1,1,1,34.0,8.9,0.0,2017
235,8,24,10.8,6.2,20.2,29.6,14.9,27.9,24.4,54,73,36,53,12.2,8,9,8,165.0,5.6,0.0,2017
236,8,25,18.6,14.6,25.2,31.8,21.8,30.7,26.6,48,,,,10.4,8,1,0,279.0,16.0,0.0,2017
237,8,26,17.8,14.3,25.7,33.5,19.9,32.6,26.9,53,77,33,49,10.7,5,1,4,240.0,6.5,0.0,2017
238,8,27,21.3,17.5,27.3,33.3,24.4,,86.4,54,,,,7.8,8,5,9,304.0,17.9,1.3,2017
239,8,28,18.7,16.3,22.1,25.4,19.6,23.6,21.1,57,64,50,58,7.3,8,9,4,350.0,7.7,0.0,2017
240,8,29,12.9,7.6,20.0,27.0,64.4,26.0,21.6,47,70,30,41,12.9,1,2,4,96.0,5.8,0.0,2017
241,8,30,13.1,8.6,21.8,30.5,16.0,30.0,25.0,48,71,31,42,12.8,0,1,0,132.0,10.2,0.0,2017
242,8,31,15.5,10.8,23.5,31.5,18.1,30.3,26.0,50,60,38,52,11.2,1,0,5,267.0,16.7,0.0,2017
243,9,1,15.3,18.9,20.7,26.0,19.7,17.8,15.3,84,76,91,84,1.3,9,10,10,321.0,11.9,6.4,2017
244,9,2,13.0,11.6,15.8,18.6,14.0,18.2,15.7,65,75,58,61,3.0,9,9,10,287.0,11.3,3.8,2017
245,9,3,12.4,11.4,15.3,18.2,12.5,16.5,14.3,74,89,58,74,3.4,10,9,8,279.0,13.7,3.8,2017
246,9,4,11.5,9.5,16.6,21.6,13.8,20.5,16.0,56,70,43,54,9.2,1,6,3,273.0,12.3,0.0,2017
247,9,5,14.3,9.2,19.2,24.0,14.7,22.3,19.5,56,66,42,59,10.4,3,5,3,261.0,12.3,0.0,2017
248,9,6,13.8,9.9,19.4,24.9,15.8,97.6,18.9,70,84,54,72,3.8,9,2,3,261.0,14.8,0.0,2017
249,9,7,15.0,12.4,18.2,21.3,16.0,20.6,15.6,54,62,42,58,7.9,7,9,1,260.0,15.1,0.0,2017
250,9,8,9.8,5.4,17.3,24.8,13.2,24.5,19.1,55,76,35,53,11.8,4,1,1,160.0,12.8,0.0,2017
251,9,9,12.6,8.6,19.7,26.7,13.7,26.0,22.4,60,86,42,52,8.8,9,1,4,167.0,12.9,0.0,2017
252,9,10,14.1,10.9,18.3,22.4,16.0,19.8,17.5,68,72,60,71,2.1,9,9,10,259.0,7.4,2.8,2017
253,9,11,13.4,10.5,15.7,17.9,14.5,16.8,15.4,86,92,85,82,1.0,8,10,10,289.0,12.2,2.8,2017
254,9,12,13.2,12.6,15.5,17.8,15.2,14.0,13.6,77,70,84,76,0.6,9,10,9,263.0,13.1,1.8,2017
255,9,13,11.4,6.8,17.4,23.3,13.3,22.6,19.2,52,70,35,50,7.0,1,9,10,294.0,10.9,0.0,2017
256,9,14,12.0,9.2,19.7,27.3,14.0,26.9,13.2,61,78,38,67,9.2,1,1,10,284.0,25.3,0.4,2017
257,9,15,11.6,9.2,16.4,21.1,13.1,20.8,,52,59,35,62,9.8,1,9,8,273.0,15.4,5.5,2017
258,9,16,11.8,11.2,13.8,15.8,11.9,15.2,13.3,86,95,80,84,0.0,10,10,10,287.0,10.3,5.5,2017
259,9,17,11.4,10.9,12.5,13.6,12.2,11.5,11.9,88,82,92,89,0.0,10,10,8,298.0,11.2,14.3,2017
260,9,18,7.2,4.8,12.9,18.6,9.0,18.2,13.6,72,94,49,72,8.8,3,5,9,291.0,9.5,0.4,2017
261,9,19,10.6,9.9,12.1,13.6,43.6,12.6,11.3,88,86,88,91,0.0,10,10,10,330.0,13.8,50.4,2017
262,9,20,10.1,9.6,11.6,13.0,10.3,12.7,12.8,83,90,82,77,0.0,10,10,10,300.0,15.4,41.3,2017
263,9,21,10.1,8.9,13.3,16.4,10.4,15.6,13.9,67,78,58,66,2.6,9,9,9,301.0,15.6,0.0,2017
264,9,22,12.5,10.9,15.0,17.4,13.2,15.4,14.2,70,72,72,67,1.2,10,9,3,290.0,10.8,0.0,2017
265,9,23,9.3,5.3,13.3,17.3,12.3,17.3,12.8,73,77,59,84,3.7,2,10,10,292.0,9.8,0.6,2017
266,9,24,11.2,8.9,13.5,15.8,12.2,15.4,13.3,78,80,70,84,0.0,9,9,9,293.0,7.1,0.0,2017
267,9,25,10.7,7.8,14.5,18.2,11.8,16.7,14.2,78,90,67,76,3.8,9,8,2,112.0,7.6,0.3,2017
268,9,26,10.8,7.9,15.9,20.9,,20.5,15.5,77,90,58,82,5.2,9,3,3,107.0,5.4,0.3,2017
269,9,27,9.6,6.4,15.0,20.3,10.4,,16.6,82,97,69,80,6.7,5,8,8,142.0,7.1,0.0,2017
270,9,28,11.4,7.5,16.4,21.3,12.0,21.0,15.9,69,96,45,66,10.6,0,1,1,135.0,11.2,0.0,2017
271,9,29,8.1,4.5,14.0,19.9,9.4,19.4,14.7,70,94,49,67,10.6,1,3,1,143.0,11.1,0.0,2017
272,9,30,7.6,3.3,13.1,18.6,9.0,,13.6,59,82,41,53,11.1,0,0,1,165.0,13.8,0.0,2017
273,10,1,8.7,4.9,13.8,18.9,10.3,18.1,13.3,52,62,37,56,7.9,1,5,3,145.0,11.3,0.0,2017
274,10,2,5.5,1.6,12.3,19.0,7.0,18.8,14.2,58,85,38,52,10.4,0,1,7,166.0,12.5,4.8,2017
275,10,3,10.4,7.5,12.5,14.6,10.7,14.5,12.2,89,94,91,83,0.0,10,10,7,277.0,14.1,14.3,2017
276,10,4,9.3,4.1,14.3,19.2,11.5,19.0,13.0,66,78,46,75,9.7,7,6,7,265.0,11.1,0.0,2017
277,10,5,11.9,6.9,17.6,23.2,14.1,23.1,80.8,43,60,26,43,5.6,9,7,10,269.0,17.7,8.4,2017
278,10,6,9.4,5.0,14.8,20.2,10.4,10.6,9.8,74,70,79,74,4.6,5,9,7,278.0,15.8,8.4,2017
279,10,7,9.2,6.6,12.1,15.0,10.7,14.1,10.9,70,73,66,70,6.1,8,6,8,280.0,15.0,0.1,2017
280,10,8,8.3,5.3,10.6,12.9,10.1,12.4,11.9,76,78,72,77,0.6,10,5,4,259.0,17.8,4.5,2017
281,10,9,7.9,3.6,11.5,15.1,8.7,14.1,10.9,70,77,55,79,7.7,1,8,7,323.0,11.2,4.4,2017
282,10,10,10.3,7.2,14.0,17.6,11.2,16.3,,67,75,55,71,1.7,8,9,8,272.0,13.7,0.1,2017
283,10,11,12.3,7.9,16.9,21.5,14.0,21.1,13.9,64,74,42,76,5.8,9,8,7,257.0,11.8,0.0,2017
284,10,12,8.3,4.3,15.2,22.1,10.6,20.7,17.1,66,90,43,66,7.6,1,8,7,273.0,15.3,0.0,2017
285,10,13,13.6,9.3,17.1,20.5,15.0,19.4,15.2,61,67,49,67,9.0,7,6,5,308.0,14.8,0.0,2017
286,10,14,9.9,5.1,15.3,20.6,10.9,20.3,13.6,71,85,50,78,9.6,9,5,0,287.0,8.7,0.0,2017
287,10,15,9.0,5.4,15.5,21.9,,21.7,14.4,78,96,54,83,10.4,1,2,1,99.0,5.2,0.0,2017
288,10,16,9.0,5.2,15.3,21.6,9.6,21.3,13.9,82,97,61,88,9.2,0,0,0,111.0,4.5,0.0,2017
289,10,17,8.0,4.0,13.8,19.6,,19.1,14.9,83,98,69,83,9.5,0,1,4,118.0,6.3,0.0,2017
290,10,18,10.1,6.0,14.3,18.5,11.3,18.4,12.5,88,97,71,95,4.9,9,9,4,27.0,4.3,0.0,2017
291,10,19,10.2,5.7,12.6,15.0,11.7,14.7,10.3,88,92,79,94,3.8,10,7,0,12.0,5.6,0.0,2017
292,10,20,6.2,2.4,9.7,13.1,8.6,12.2,11.9,92,100,87,90,0.0,10,10,10,59.0,4.1,0.0,2017
293,10,21,9.4,5.7,12.6,15.7,10.0,13.8,12.3,94,97,91,95,0.8,10,9,5,269.0,8.2,1.4,2017
294,10,22,9.7,7.2,11.4,13.1,12.6,11.7,11.4,82,83,84,78,0.0,10,10,10,294.0,18.1,1.2,2017
295,10,23,9.1,7.7,10.5,11.8,9.2,9.4,10.2,79,76,85,75,0.0,10,10,10,316.0,16.1,4.2,2017
296,10,24,9.8,7.6,11.7,13.6,10.1,12.8,12.1,74,76,73,74,0.7,8,9,9,299.0,13.8,0.0,2017
297,10,25,7.3,3.1,12.6,17.8,9.0,69.2,,77,93,58,80,2.7,8,9,8,292.0,5.9,0.0,2017
298,10,26,9.8,4.9,14.3,18.7,12.2,18.3,12.5,77,81,63,86,6.2,9,7,6,274.0,9.6,0.2,2017
299,10,27,8.5,6.2,11.7,14.8,12.9,9.3,9.7,84,92,82,77,0.9,10,9,7,301.0,20.2,11.3,2017
300,10,28,9.0,6.6,10.1,11.1,9.7,10.8,10.4,64,73,58,60,0.1,9,10,9,279.0,20.8,3.2,2017
301,10,29,7.5,6.3,10.8,14.0,10.9,12.7,9.3,58,76,41,56,3.2,9,2,6,261.0,32.7,8.2,2017
302,10,30,4.9,2.3,7.3,9.7,5.8,8.7,6.5,61,67,52,63,4.5,3,9,1,321.0,19.3,0.8,2017
303,10,31,4.8,1.4,7.2,9.6,6.1,,8.0,69,77,63,66,0.4,10,10,8,308.0,14.2,0.0,2017
304,11,1,2.5,-1.5,6.7,10.9,3.1,10.4,9.8,71,90,57,65,1.5,8,9,9,290.0,13.2,0.0,2017
305,11,2,4.5,1.0,10.6,16.6,4.6,16.3,13.5,67,93,46,62,6.2,6,9,7,281.0,15.0,0.6,2017
306,11,3,7.0,6.3,10.6,14.1,9.8,13.0,7.0,72,74,58,85,5.5,8,6,1,294.0,9.8,0.6,2017
307,11,4,3.4,-0.6,9.0,14.5,4.3,13.9,40.0,74,94,57,70,7.9,1,8,9,159.0,12.3,0.0,2017
308,11,5,6.5,2.7,10.3,14.0,7.4,13.7,13.4,76,87,70,70,2.3,10,1,8,268.0,16.0,0.0,2017
309,11,6,7.4,7.3,10.4,13.4,8.0,7.7,7.8,83,77,86,85,0.0,9,10,10,279.0,14.7,0.0,2017
310,11,7,6.7,2.2,9.3,11.8,,11.5,10.4,75,89,64,71,7.1,7,9,9,359.0,6.1,0.1,2017
311,11,8,7.4,7.5,8.9,10.4,8.7,7.8,7.5,85,74,89,91,0.0,10,10,10,105.0,7.3,3.5,2017
312,11,9,5.3,3.4,7.7,10.0,5.4,10.0,8.8,79,93,69,74,0.0,9,9,10,297.0,5.8,0.3,2017
313,11,10,8.1,7.6,9.1,10.1,8.2,10.0,8.6,62,68,57,60,0.0,10,9,9,255.0,17.4,0.1,2017
314,11,11,6.3,5.8,8.0,9.6,6.6,9.2,7.7,66,69,54,74,5.3,8,7,10,286.0,16.8,3.4,2017
315,11,12,6.0,5.3,7.6,9.2,6.6,6.6,6.3,83,80,79,90,0.0,9,10,10,273.0,19.2,3.2,2017
316,11,13,4.9,4.6,6.4,7.8,5.0,5.7,4.9,67,68,67,66,0.3,10,10,9,23.6,,0.0,2017
317,11,14,2.6,2.6,5.4,8.2,4.2,,2.6,65,71,50,74,5.7,10,2,0,312.0,12.2,0.0,2017
318,11,15,0.6,-2.7,4.5,8.4,0.6,7.7,,76,86,57,84,8.7,1,1,0,288.0,10.0,0.0,2017
319,11,16,-1.0,-4.4,2.2,5.3,0.1,4.8,40.0,83,99,73,76,1.6,10,8,10,7.1,,0.0,2017
320,11,17,3.0,2.7,4.5,5.9,3.2,40.0,40.0,72,72,68,75,0.1,9,9,10,288.0,12.7,0.2,2017
321,11,18,4.2,3.7,6.1,7.9,5.0,7.3,5.4,77,84,71,77,2.1,10,8,8,273.0,13.4,0.2,2017
322,11,19,3.7,3.6,5.2,6.7,5.5,4.0,4.9,73,64,86,68,0.2,10,7,8,278.0,20.3,1.4,2017
323,11,20,4.1,2.6,6.0,7.9,4.6,7.0,4.6,71,77,63,74,3.6,9,8,9,274.0,20.8,7.4,2017
324,11,21,2.6,2.1,6.1,9.6,5.3,9.3,8.9,82,89,77,81,0.1,10,9,10,279.0,15.0,7.4,2017
325,11,22,6.9,2.8,11.5,16.1,9.1,15.7,11.6,55,71,41,54,6.7,5,8,3,270.0,18.1,2.0,2017
326,11,23,2.8,-1.2,7.2,11.6,3.8,4.6,4.8,93,98,93,88,0.0,10,10,10,177.0,6.3,0.0,2017
327,11,24,3.5,3.5,4.5,5.5,3.9,5.3,4.2,95,95,92,97,0.0,10,10,10,160.0,7.7,0.0,2017
328,11,25,3.9,3.8,6.2,8.5,4.4,8.3,7.3,88,98,88,77,0.4,10,9,10,277.0,14.9,1.0,2017
329,11,26,3.4,4.3,5.5,7.6,5.5,5.3,3.9,65,75,60,61,0.0,9,9,9,325.0,13.8,0.7,2017
330,11,27,1.1,1.0,4.1,7.1,2.7,6.3,1.1,83,77,95,78,5.1,7,2,1,283.0,12.1,0.0,2017
331,11,28,-0.4,-3.4,3.4,7.2,0.7,6.4,3.8,68,78,59,66,2.8,9,9,9,210.0,6.6,0.8,2017
332,11,29,0.8,0.2,2.4,3.9,1.1,2.8,1.5,93,93,91,95,0.0,10,10,10,126.0,8.6,10.7,2017
333,11,30,0.2,0.1,1.2,2.2,0.3,,1.7,92,97,92,87,0.0,10,8,8,289.0,13.1,10.1,2017
334,12,1,-2.3,-6.2,0.7,3.6,-2.0,2.6,-1.0,90,96,80,93,6.9,1,2,7,289.0,6.1,0.0,2017
335,12,2,-4.8,-8.3,-1.8,1.3,-2.7,0.8,-0.3,81,92,71,79,6.9,1,4,10,302.0,9.2,0.0,2017
336,12,3,-1.2,-2.6,0.4,2.0,-0.3,1.4,0.5,69,78,66,64,0.6,9,10,10,296.0,14.0,0.5,2017
337,12,4,0.0,-0.8,1.6,3.1,1.2,2.9,2.7,78,80,76,79,0.2,9,9,1,281.0,20.5,1.1,2017
338,12,5,2.3,0.8,3.8,5.3,3.4,4.4,5.3,80,79,85,75,0.1,9,9,10,276.0,16.3,3.3,2017
339,12,6,3.6,4.3,5.0,6.4,4.9,5.8,3.7,68,71,62,71,3.0,10,8,0,273.0,18.2,0.0,2017
340,12,7,-0.4,-3.6,3.0,6.3,0.0,5.8,1.0,80,85,67,89,7.5,2,8,0,284.0,7.9,0.0,2017
341,12,8,-2.2,-6.4,0.9,3.9,-1.9,0.7,3.7,90,99,87,84,0.0,10,10,10,258.0,15.0,2.9,2017
342,12,9,0.2,0.6,2.1,4.0,2.4,1.7,0.4,64,65,68,59,0.2,9,9,1,297.0,21.3,0.0,2017
343,12,10,-2.2,-4.6,0.5,3.1,-1.7,2.9,2.9,59,67,52,59,6.3,1,9,7,280.0,14.7,0.0,2017
344,12,11,1.4,-0.9,6.3,11.2,2.7,10.1,44.0,77,84,72,76,0.1,7,10,9,191.0,23.4,0.0,2017
345,12,12,5.3,6.6,8.9,12.4,7.4,,5.3,66,72,62,63,0.0,10,9,10,290.0,18.3,0.0,2017
346,12,13,2.1,1.7,4.5,6.9,3.3,6.4,2.3,67,70,50,80,5.2,9,6,0,190.0,8.0,0.0,2017
347,12,14,0.4,-2.5,5.1,9.8,1.8,7.4,4.5,63,82,46,61,1.4,9,9,8,262.0,25.3,0.0,2017
348,12,15,0.7,-2.4,4.0,7.3,1.1,6.8,5.1,73,95,57,66,0.3,7,9,10,271.0,16.9,0.0,2017
349,12,16,2.5,-0.4,3.9,5.3,3.1,5.0,3.0,74,74,67,80,0.6,9,9,6,304.0,10.7,0.0,2017
350,12,17,1.4,-1.2,3.4,5.3,2.3,4.5,,76,78,67,82,3.7,7,8,7,283.0,14.3,0.2,2017
351,12,18,-0.7,-2.5,0.8,2.3,-0.3,40.0,0.4,74,77,68,76,4.7,7,9,8,311.0,9.3,0.2,2017
352,12,19,-4.3,-7.3,-1.3,1.7,-4.0,1.3,0.3,69,82,61,63,5.1,1,7,9,307.0,9.6,0.0,2017
353,12,20,-0.1,-0.7,1.6,3.3,1.1,3.2,,76,79,73,75,0.0,10,9,10,303.0,8.3,0.0,2017
354,12,21,2.0,1.4,3.2,4.4,3.6,3.9,3.8,82,71,85,90,0.0,10,10,10,270.0,18.6,6.6,2017
355,12,22,3.7,2.3,5.9,8.0,5.6,7.8,7.3,76,81,75,72,0.4,9,9,9,301.0,15.8,0.5,2017
356,12,23,5.5,4.2,7.3,9.0,6.4,8.8,8.8,69,72,67,69,0.2,7,9,5,271.0,26.1,0.7,2017
357,12,24,6.6,6.3,8.0,9.4,7.4,9.0,6.7,69,71,64,72,5.6,3,2,3,273.0,24.9,0.7,2017
358,12,25,0.9,-2.2,4.8,8.6,1.8,8.1,3.1,81,90,65,88,7.7,1,1,1,298.0,10.6,0.0,2017
359,12,26,0.2,-3.4,1.7,3.1,1.3,2.4,1.3,91,95,88,91,0.0,10,10,10,132.0,5.2,0.0,2017
360,12,27,-0.3,-0.1,4.7,9.6,0.3,9.1,9.2,80,100,70,71,2.0,10,6,9,171.0,13.7,4.5,2017
361,12,28,2.3,2.4,6.2,10.0,3.8,5.5,,82,84,70,91,0.8,10,9,10,269.0,17.8,14.9,2017
362,12,29,-0.5,0.7,1.9,4.2,40.0,4.2,-0.4,65,66,56,73,7.3,9,4,1,309.0,21.1,12.0,2017
363,12,30,-2.6,-6.4,1.0,4.6,-0.1,4.5,1.5,78,73,69,92,0.5,10,9,10,148.0,6.2,8.4,2017
364,12,31,1.4,0.7,8.1,14.8,5.7,14.5,7.9,74,95,51,77,1.7,10,5,7,285.0,19.3,7.0,2017
